,links
0,https://www.metrolyrics.com/the-girl-from-ipanema-2008-remastered-lyrics-frank-sinatra.html
1,https://www.metrolyrics.com/nice-n-easy-alternate-take-lyrics-frank-sinatra.html
2,https://www.metrolyrics.com/laura-1999-remastered-lyrics-frank-sinatra.html
3,https://www.metrolyrics.com/love-lyrics-frank-sinatra.html
4,https://www.metrolyrics.com/new-york-new-york-lyrics-frank-sinatra.html
5,https://www.metrolyrics.com/fly-me-to-the-moon-lyrics-frank-sinatra.html
6,https://www.metrolyrics.com/my-way-lyrics-frank-sinatra.html
7,https://www.metrolyrics.com/high-hopes-lyrics-frank-sinatra.html
8,https://www.metrolyrics.com/i-love-you-lyrics-frank-sinatra.html
9,https://www.metrolyrics.com/beyond-the-sea-lyrics-frank-sinatra.html
10,https://www.metrolyrics.com/something-stupid-lyrics-frank-sinatra.html
11,https://www.metrolyrics.com/the-way-you-look-tonight-lyrics-frank-sinatra.html
12,https://www.metrolyrics.com/thats-life-lyrics-frank-sinatra.html
13,https://www.metrolyrics.com/september-song-lyrics-frank-sinatra.html
14,https://www.metrolyrics.com/have-yourself-a-merry-little-christmas-lyrics-frank-sinatra.html
15,https://www.metrolyrics.com/the-lady-is-a-tramp-lyrics-frank-sinatra.html
16,https://www.metrolyrics.com/it-had-to-be-you-lyrics-frank-sinatra.html
17,https://www.metrolyrics.com/summer-wind-lyrics-frank-sinatra.html
18,https://www.metrolyrics.com/come-fly-with-me-lyrics-frank-sinatra.html
19,https://www.metrolyrics.com/thanks-for-the-memories-lyrics-frank-sinatra.html
20,https://www.metrolyrics.com/sunflower-lyrics-frank-sinatra.html
21,https://www.metrolyrics.com/if-you-go-away-lyrics-frank-sinatra.html
22,https://www.metrolyrics.com/girl-from-ipanema-lyrics-frank-sinatra.html
23,https://www.metrolyrics.com/strangers-in-the-night-lyrics-frank-sinatra.html
24,https://www.metrolyrics.com/besame-mucho-lyrics-frank-sinatra.html
25,https://www.metrolyrics.com/all-of-me-lyrics-frank-sinatra.html
26,https://www.metrolyrics.com/triste-lyrics-frank-sinatra.html
27,https://www.metrolyrics.com/call-me-irresponsible-lyrics-frank-sinatra.html
28,https://www.metrolyrics.com/ill-be-seeing-you-lyrics-frank-sinatra.html
29,https://www.metrolyrics.com/tangerine-lyrics-frank-sinatra.html
30,https://www.metrolyrics.com/time-after-time-lyrics-frank-sinatra.html
31,https://www.metrolyrics.com/ive-got-you-under-my-skin-lyrics-frank-sinatra.html
32,https://www.metrolyrics.com/sway-lyrics-frank-sinatra.html
33,https://www.metrolyrics.com/old-devil-moon-lyrics-frank-sinatra.html
34,https://www.metrolyrics.com/one-note-samba-lyrics-frank-sinatra.html
35,https://www.metrolyrics.com/im-in-the-mood-for-love-lyrics-frank-sinatra.html
36,https://www.metrolyrics.com/pennies-from-heaven-lyrics-frank-sinatra.html
37,https://www.metrolyrics.com/young-at-heart-lyrics-frank-sinatra.html
38,https://www.metrolyrics.com/love-is-a-many-splendored-thing-lyrics-frank-sinatra.html
39,https://www.metrolyrics.com/all-the-way-lyrics-frank-sinatra.html
40,https://www.metrolyrics.com/night-and-day-lyrics-frank-sinatra.html
41,https://www.metrolyrics.com/misty-lyrics-frank-sinatra.html
42,https://www.metrolyrics.com/watch-what-happens-lyrics-frank-sinatra.html
43,https://www.metrolyrics.com/autumn-leaves-lyrics-frank-sinatra.html
44,https://www.metrolyrics.com/emily-lyrics-frank-sinatra.html
45,https://www.metrolyrics.com/witchcraft-lyrics-frank-sinatra.html
46,https://www.metrolyrics.com/ive-got-the-world-on-a-string-lyrics-frank-sinatra.html
47,https://www.metrolyrics.com/i-could-write-a-book-lyrics-frank-sinatra.html
48,https://www.metrolyrics.com/where-are-you-lyrics-frank-sinatra.html
49,https://www.metrolyrics.com/moonlight-serenade-lyrics-frank-sinatra.html
50,https://www.metrolyrics.com/isnt-she-lovely-lyrics-frank-sinatra.html
51,https://www.metrolyrics.com/it-was-a-very-good-year-lyrics-frank-sinatra.html
52,https://www.metrolyrics.com/change-partners-lyrics-frank-sinatra.html
53,https://www.metrolyrics.com/stella-by-starlight-lyrics-frank-sinatra.html
54,https://www.metrolyrics.com/button-up-your-overcoat-lyrics-frank-sinatra.html
55,https://www.metrolyrics.com/i-get-a-kick-out-of-you-lyrics-frank-sinatra.html
56,https://www.metrolyrics.com/three-coins-in-the-fountain-lyrics-frank-sinatra.html
57,https://www.metrolyrics.com/fly-me-to-the-moon-in-other-word-lyrics-frank-sinatra.html
58,https://www.metrolyrics.com/wave-lyrics-frank-sinatra.html
59,https://www.metrolyrics.com/aint-she-sweet-lyrics-frank-sinatra.html
60,https://www.metrolyrics.com/more-lyrics-frank-sinatra.html
61,https://www.metrolyrics.com/granada-lyrics-frank-sinatra.html
62,https://www.metrolyrics.com/ill-never-smile-again-lyrics-frank-sinatra.html
63,https://www.metrolyrics.com/laura-lyrics-frank-sinatra.html
64,https://www.metrolyrics.com/like-someone-in-love-lyrics-frank-sinatra.html
65,https://www.metrolyrics.com/moonlight-in-vermont-lyrics-frank-sinatra.html
66,https://www.metrolyrics.com/where-or-when-lyrics-frank-sinatra.html
67,https://www.metrolyrics.com/love-and-marriage-lyrics-frank-sinatra.html
68,https://www.metrolyrics.com/bad-bad-leroy-brown-lyrics-frank-sinatra.html
69,https://www.metrolyrics.com/brooklyn-bridge-lyrics-frank-sinatra.html
70,https://www.metrolyrics.com/drinking-water-lyrics-frank-sinatra.html
71,https://www.metrolyrics.com/you-make-me-feel-so-young-lyrics-frank-sinatra.html
72,https://www.metrolyrics.com/fly-me-to-the-moon-live-lyrics-frank-sinatra.html
73,https://www.metrolyrics.com/chicago-lyrics-frank-sinatra.html
74,https://www.metrolyrics.com/once-upon-a-time-lyrics-frank-sinatra.html
75,https://www.metrolyrics.com/nancy-with-the-laughing-face-lyrics-frank-sinatra.html
76,https://www.metrolyrics.com/for-once-in-my-life-lyrics-frank-sinatra.html
77,https://www.metrolyrics.com/its-nice-to-go-travling-lyrics-frank-sinatra.html
78,https://www.metrolyrics.com/love-is-blue-lyrics-frank-sinatra.html#/correction
79,https://www.metrolyrics.com/my-silent-love-lyrics-frank-sinatra.html#/correction
80,https://www.metrolyrics.com/hot-time-in-the-old-town-of-berlin-lyrics-frank-sinatra.html#/correction
